January 01,2023
January 02,2023
January 03,2023
January 04,2023
January 05,2023
January 06,2023
January 07,2023
January 08,2023
January 09,2023
January 10,2023
January 11,2023
January 12,2023
January 13,2023
January 14,2023
January 15,2023
January 16,2023
January 17,2023
January 18,2023
January 19,2023
January 20,2023
January 21,2023
January 22,2023
January 23,2023
January 24,2023
January 25,2023
January 26,2023
January 27,2023
January 28,2023
January 29,2023
January 30,2023
January 31,2023
February 01,2023
February 02,2023
February 03,2023
February 04,2023
February 05,2023
February 06,2023
February 07,2023
February 08,2023
February 09,2023
February 10,2023
February 11,2023
February 12,2023
February 13,2023
February 14,2023
February 15,2023
February 16,2023
February 17,2023
February 18,2023
February 19,2023
February 20,2023
February 21,2023
February 22,2023
February 23,2023
February 24,2023
February 25,2023
February 26,2023
February 27,2023
February 28,2023
March 01,2023
March 02,2023
March 03,2023
March 04,2023
March 05,2023
March 06,2023
March 07,2023
March 08,2023
March 09,2023
March 10,2023
March 11,2023
March 12,2023
March 13,2023
March 14,2023
March 15,2023
March 16,2023
March 17,2023
March 18,2023
March 19,2023
March 20,2023
March 21,2023
March 22,2023
March 23,2023
March 24,2023
March 25,2023
March 26,2023
March 27,2023
March 28,2023
March 29,2023
March 30,2023
March 31,2023
April 01,2023
April 02,2023
April 03,2023
April 04,2023
April 05,2023
April 06,2023
April 07,2023
April 08,2023
April 09,2023
April 10,2023
April 11,2023
April 12,2023
April 13,2023
April 14,2023
April 15,2023
April 16,2023
April 17,2023
April 18,2023
April 19,2023
April 20,2023
April 21,2023
April 22,2023
April 23,2023
April 24,2023
April 25,2023
April 26,2023
April 27,2023
April 28,2023
April 29,2023
April 30,2023
May 01,2023
May 02,2023
May 03,2023
May 04,2023
May 05,2023
May 06,2023
May 07,2023
May 08,2023
May 09,2023
May 10,2023
May 11,2023
May 12,2023
May 13,2023
May 14,2023
May 15,2023
May 16,2023
May 17,2023
May 18,2023
May 19,2023
May 20,2023
May 21,2023
May 22,2023
May 23,2023
May 24,2023
May 25,2023
May 26,2023
May 27,2023
May 28,2023
May 29,2023
May 30,2023
May 31,2023
June 01,2023
June 02,2023
June 03,2023
June 04,2023
June 05,2023
June 06,2023
June 07,2023
June 08,2023
June 09,2023
June 10,2023
June 11,2023
June 12,2023
June 13,2023
June 14,2023
June 15,2023
June 16,2023
June 17,2023
June 18,2023
June 19,2023
June 20,2023
June 21,2023
June 22,2023
June 23,2023
June 24,2023
June 25,2023
June 26,2023
June 27,2023
June 28,2023
June 29,2023
June 30,2023
July 01,2023
July 02,2023
July 03,2023
July 04,2023
July 05,2023
July 06,2023
July 07,2023
July 08,2023
July 09,2023
July 10,2023
July 11,2023
July 12,2023
July 13,2023
July 14,2023
July 15,2023
July 16,2023
July 17,2023
July 18,2023
July 19,2023
July 20,2023
July 21,2023
July 22,2023
July 23,2023
July 24,2023
July 25,2023
July 26,2023
July 27,2023
July 28,2023
July 29,2023
July 30,2023
July 31,2023
August 01,2023
August 02,2023
August 03,2023
August 04,2023
August 05,2023
August 06,2023
August 07,2023
August 08,2023
August 09,2023
August 10,2023
August 11,2023
August 12,2023
August 13,2023
August 14,2023
August 15,2023
August 16,2023
August 17,2023
August 18,2023
August 19,2023
August 20,2023
August 21,2023
August 22,2023
August 23,2023
August 24,2023
August 25,2023
August 26,2023
August 27,2023
August 28,2023
August 29,2023
August 30,2023
August 31,2023
September 01,2023
September 02,2023
September 03,2023
September 04,2023
September 05,2023
September 06,2023
September 07,2023
September 08,2023
September 09,2023
September 10,2023
September 11,2023
September 12,2023
September 13,2023
September 14,2023
September 15,2023
September 16,2023
September 17,2023
September 18,2023
September 19,2023
September 20,2023
September 21,2023
September 22,2023
September 23,2023
September 24,2023
September 25,2023
September 26,2023
September 27,2023
September 28,2023
September 29,2023
September 30,2023
October 01,2023
October 02,2023
October 03,2023
October 04,2023
October 05,2023
October 06,2023
October 07,2023
October 08,2023
October 09,2023
October 10,2023
October 11,2023
October 12,2023
October 13,2023
October 14,2023
October 15,2023
October 16,2023
October 17,2023
October 18,2023
October 19,2023
October 20,2023
October 21,2023
October 22,2023
October 23,2023
October 24,2023
October 25,2023
October 26,2023
October 27,2023
October 28,2023
October 29,2023
October 30,2023
October 31,2023
November 01,2023
November 02,2023
November 03,2023
November 04,2023
November 05,2023
November 06,2023
November 07,2023
November 08,2023
November 09,2023
November 10,2023
November 11,2023
November 12,2023
November 13,2023
November 14,2023
November 15,2023
November 16,2023
November 17,2023
November 18,2023
November 19,2023
November 20,2023
November 21,2023
November 22,2023
November 23,2023
November 24,2023
November 25,2023
November 26,2023
November 27,2023
November 28,2023
November 29,2023
November 30,2023
December 01,2023
December 02,2023
December 03,2023
December 04,2023
December 05,2023
December 06,2023
December 07,2023
December 08,2023
December 09,2023
December 10,2023
December 11,2023
December 12,2023
December 13,2023
December 14,2023
December 15,2023
December 16,2023
December 17,2023
December 18,2023
December 19,2023
December 20,2023
December 21,2023
December 22,2023
December 23,2023
December 24,2023
December 25,2023
December 26,2023
December 27,2023
December 28,2023
December 29,2023
December 30,2023
December 31,2023
