January 02,New Years
March 16,St. Patricks Day
April 07,Spring Holiday
May 29,Memorial Day
July 04,Independence Day
September 04,Labor Day
November 23,Thanksgiving
November 24,Thanksgiving
December 25,Christmas
December 26,Christmas
September 14,Bereavement
April 03,Vacation
April 04,Vacation
April 05,Vacation
April 06,Vacation
April 10,Vacation
August 04,Vacation
August 14,Vacation
August 15,Vacation
August 16,Vacation
October 05,Vacation
October 06,Vacation
October 09,Vacation
October 10,Vacation
October 11,Vacation
October 12,Vacation
October 13,Vacation
December 18,Vacation
December 20,Vacation
December 21,Vacation
December 22,Vacation
December 27,Vacation
December 28,Vacation
December 29,Vacation